2026-08-22	lima-transportistas-hold-the-twenty-fifth	world	fact	latin-america	Lima Transportistas Hold the Twenty-Fifth
2026-08-21	fagersta-sword-attack-at-brinellskolan	world	fact	european-union	A Sword Attack at Brinellskolan
2026-08-20	pyongyang-fires-a-dozen-during-ufs	world	fact	defense-tech,autonomous-weapons,grey-zone	Pyongyang Fires a Dozen During UFS
2026-08-19	seoul-cuts-ulchi-freedom-shield-to-friday	world	inference	grey-zone	Seoul Cuts Ulchi Freedom Shield to Friday
2026-08-18	zambia-declares-hichilema-president-elect	world	inference	constitutional-law	Zambia Declares Hichilema President-Elect
2026-08-17	zambias-count-runs-into-tuesday	world	inference	constitutional-law	Zambia’s Count Runs Into Tuesday
2026-08-16	spanish-f18s-fire-over-galati	world	inference	europe-defense,ukraine,autonomous-weapons,defense-tech,grey-zone	Spanish F-18s Fire Over Galați
2026-08-15	flores-warning-ran-ahead-of-the-roads	world	inference	natural-disasters,supply-chains	Flores Warning Outran the Damage Ledger
2026-08-14	zambia-pauses-the-national-count	world	inference	constitutional-law	Zambia Pauses Its National Count
2026-08-13	the-agent-team-entered-through-the-login	world	inference	cybersecurity,ai-agents,agentic-tools,taiwan	The Agent Team Entered Through the Login
2026-08-12	europe-builds-a-test-range-for-swarms	world	inference	autonomous-weapons,defense-tech,europe-defense,ukraine	Europe Opens a Field Test for Swarms
2026-08-11	colombia-centralizes-the-quake-count	world	inference	natural-disasters,latin-america	Colombia Centralizes the Quake Count
2026-08-10	colombias-first-quake-number-lasted-twenty-minutes	world	fact	natural-disasters	Colombia’s Quake Number Changed Twice in Twenty-Four Minutes
2026-08-10	congo-finds-three-missing-months	world	inference	natural-disasters	Congo’s Ebola Tripwire Fired Months Late
2026-08-09	syria-takes-the-airport-russia-keeps-the-question	world	forecast	russia,middle-east-war	Syria Takes Hmeimim’s Civilian Airport
2026-08-07	the-tripwire-without-the-circuitry	world	inference	middle-east-war,europe-defense,defense-tech	Makkah Pact Sets an Armed-Attack Trigger
2026-08-06	a-worker-grounded-leipzigs-armed-drone	world	inference	autonomous-weapons,defense-tech,europe-defense,grey-zone,ukraine	Worker Grounds Armed Drone at Leipzig
2026-08-05	kyiv-records-zero-ballistic-intercepts-again	world	fact	ukraine,russia,europe-defense	Kyiv Again Records Zero Missile Intercepts
2026-08-04	drones-find-civilians-on-beach-and-market	world	inference	ukraine,russia,autonomous-weapons	Drones reach civilians on beach and market
2026-08-02	congos-ebola-outbreak-breaks-its-record	world	forecast	natural-disasters	Congo’s Ebola outbreak sets a record
2026-08-02	kyivs-patriot-magazine-was-empty	world	inference	ukraine,russia,europe-defense	Kyiv’s Patriot magazine was empty
2026-08-01	ukraine-sank-a-rosatom-owned-cargo-ship	world	inference	ukraine,russia,maritime-security,autonomous-weapons,sanctions	Ukraine Sank a Rosatom-Controlled Cargo Ship
2026-07-31	ceuta-counts-the-crossing-twice	world	inference	spain,european-union,grey-zone	Fifty Thousand Crossed Into Ceuta. Then Almost Everyone Went Back.
2026-07-30	poland-measures-the-crater	world	inference	russia,ukraine,europe-defense	Poland Measures the Crater
2026-07-29	baghdad-cannot-own-both-chains	world	inference	middle-east-war,us-iran,autonomous-weapons	Baghdad Cannot Own Both Chains
2026-07-28	aircraft-trace-europes-shared-fire-line	world	inference	natural-disasters,european-union,spain	Aircraft Trace Europe’s Shared Fire Line
2026-07-27	gironde-fire-builds-its-own-front	world	inference	natural-disasters	Gironde Fire Builds Its Own Front
2026-07-26	berlin-pride-attack-reaches-the-park-edge	world	inference	europe-defense	The Attack Reached Tiergarten’s Edge
2026-07-25	europe-fireline-outruns-roads	world	inference	natural-disasters,spain,european-union	Europe’s Fireline Outruns the Roads
2026-07-24	guyanas-ferry-manifest-missed-46-people	world	inference	latin-america,maritime-security,shipping	Ferry manifest missed 46 people
2026-07-23	ottawa-opens-the-drone-marketplace	world	inference	autonomous-weapons,defense-tech,robotics,supply-chains	Ottawa opens the drone marketplace
2026-07-23	the-drill-boxes-stay-near-the-chinese-shore	world	inference	taiwan,grey-zone,maritime-security	China draws two live-fire boxes off Dongshan
2026-07-22	guadalajara-burns-through-32000-hectares	world	fact	spain,natural-disasters	Guadalajara burns through 32,000 hectares
2026-07-21	spain-brings-home-the-second-star	world	fact	world-cup,spain,sport,mega-events	Spain claims second World Cup
2026-07-21	the-crowd-turns	world	inference	world-cup,attention-economy,argentina,sport	The Crowd Turns on Argentina
2026-07-21	the-tenth-night-over-hormuz	world	inference	us-iran,strait-of-hormuz,middle-east-war	US strikes reach tenth night on Iran
2026-07-20	the-cup-goes-dark	world	fact	world-cup,sport,mega-events,attention-economy	Spain Wins the World Cup in Extra Time
2026-07-19	eighth-night	world	inference	us-iran,middle-east-war,strait-of-hormuz,maritime-security,oil	US Completes Eighth Night of Iran Strikes
2026-07-18	cca-live-fire	world	inference	autonomous-weapons,defense-tech	Air Force Arms Its Uncrewed Wingman
2026-07-17	final-week-metro	world	inference	world-cup,mega-events,natural-disasters	MetLife Braces for Final Weekend
2026-07-16	malvinas-banner-blowback	world	inference	world-cup,sport,latin-america,mega-events	FIFA weighs Argentina’s Malvinas banner
2026-07-15	argeng-banner-ban	world	inference	world-cup,sport,mega-events,attention-economy	Atlanta Locks Down Argentina–England
2026-07-14	graham-rumor-machine	world	inference	grey-zone,attention-economy,us-iran	Online Rumor Rewrites Graham’s Death
2026-07-14	hormuz-contested	world	inference	strait-of-hormuz,us-iran,oil,shipping,maritime-security	Projectiles Strike Hormuz Tankers
2026-07-13	hormuz-toll	world	fact	strait-of-hormuz,us-iran,oil,maritime-security	Trump Puts a Price on the Strait
2026-07-12	hormuz-strikes	world	fact	strait-of-hormuz,us-iran,oil,maritime-security	US Strikes Again as Iran Claims the Strait
2026-07-11	bavi-typhoon	world	fact	natural-disasters,taiwan,semiconductors,supply-chains	Typhoon Bavi Empties Three Coastlines
2026-07-11	el-obeid-redalert	world	fact	sudan,food-security,grey-zone	A Red Alert Over El Obeid
2026-07-10	el-obeid-siege	world	fact	sudan,food-security,grey-zone	Half a Million Wait Out the Siege of El Obeid
2026-07-09	damascus-guarded-visit	world	inference	middle-east-war,grey-zone	Damascus Keeps The Visit Under Guard
2026-07-09	ukraine-omsk-patriots	world	fact	ukraine,autonomous-weapons,oil,defense-tech	Ukraine's Drones Halt Russia's Biggest Refinery
2026-07-08	gulf-reignite	world	fact	strait-of-hormuz,middle-east-war,us-iran,oil	Gulf War Reignites in One Day
2026-07-07	strait-shots	world	fact	strait-of-hormuz,us-iran,shipping,maritime-security,oil,war-risk-insurance	Two Tankers Struck Near Hormuz
2026-07-06	spotlight-shadow	world	inference	world-cup,mega-events,us-immigration,attention-economy	World Cup ICE Evidence Stops in March
2026-07-05	taiwan-east	world	inference	taiwan,grey-zone,maritime-security,shipping	China Rotates Coast Guard East of Taiwan
2026-07-04	spb-strike	world	fact	ukraine,autonomous-weapons,oil	Ukraine Hits St. Petersburg Oil Terminal
2026-07-03	black-sea-fuel	world	inference	ukraine,oil,autonomous-weapons	Fuel rationing hits Russia's Black Sea coast
2026-07-02	kyiv-strike	world	fact	ukraine,autonomous-weapons,europe-defense	Nearly 500 Drones Strike Kyiv Overnight
2026-07-01	gulf-doha	world	fact	us-iran,middle-east-war,strait-of-hormuz	Doha hosts indirect US-Iran talks
2026-06-30	gulf-doha	world	fact	us-iran,middle-east-war,strait-of-hormuz	Mutual Gulf stand-down holds a second day
2026-06-30	pakistan-afghan	world	fact	autonomous-weapons,grey-zone	Pakistani border raids draw rival death counts
2026-06-29	gulf-standdown	world	fact	us-iran,middle-east-war,strait-of-hormuz	Washington and Tehran stand down after the Gulf flare-up Hormuz transit resumes as talks shift to Doha
2026-06-28	el-obeid-siege	world	fact	sudan,food-security	RSF forces mass around El Obeid as UN officials warn the prevention window is closing
2026-06-28	gulf-strikes	world	fact	us-iran,middle-east-war,strait-of-hormuz	Iran targets Bahrain and claims hits on US bases Washington strikes back at coastal radar and storage
2026-06-27	el-obeid-window	world	inference	sudan,food-security	El Obeid still inside the prevention window as drones strike and reinforcements mass
2026-06-27	iran-strikes	world	fact	us-iran,middle-east-war,strait-of-hormuz	A drone, then a strike the truce holds by a thread
2026-06-27	lebanon-framework	world	inference	lebanon,middle-east-war	Washington signs a Lebanon path Israel’s tanks stay south of the Litani
2026-06-26	el-obeid-closing	world	inference	sudan,food-security	El Obeid waits under the warning
2026-06-26	iaea-verification	world	inference	us-iran,nuclear-power,middle-east-war	Same framework Different obligations
2026-06-25	el-obeid-pressure	world	inference	sudan,food-security	El Obeid’s warning arrives before the assault
2026-06-25	framework-test	world	inference	us-iran,lebanon,middle-east-war	Lake Lucerne reaches the hard part Inspectors and Lebanon now test the deal
2026-06-24	el-obeid-window	geopolitics	inference	sudan	El Obeid’s window is still open and narrowing
2026-06-24	verification	geopolitics	inference	us-iran,lebanon,middle-east-war,oil	Relief moved first Verification became the fight
2026-06-23	el-obeid-still-before	geopolitics	inference	sudan	El Obeid Is Still Before The Atrocity Window Is Open
2026-06-23	the-first-step	geopolitics	inference	us-iran,oil,lebanon,maritime-security	The waiver moved first The deal split immediately
2026-06-22	machinery-not-compliance	geopolitics	inference	us-iran,lebanon,strait-of-hormuz,maritime-security	Machinery, not compliance at Lake Lucerne
2026-06-22	still-before-the-entry	geopolitics	inference	sudan	El Obeid Stays Beyond RSF Urban Reach Drone Strikes and Encirclement Fuel Mass-Atrocity Warnings
2026-06-21	the-prevention-window	geopolitics	inference	sudan	El Obeid is still before the atrocity line
2026-06-21	the-strait-and-the-room	geopolitics	inference	strait-of-hormuz,us-iran,maritime-security,middle-east-war,oil	The room made committees The strait made leverage
2026-06-20	the-compliance-room	geopolitics	inference	us-iran,lebanon,strait-of-hormuz,middle-east-war	Bürgenstock Is Not a Peace Summit It Is a Compliance Room
2026-06-19	the-missing-party	geopolitics	inference	us-iran,lebanon,middle-east-war,strait-of-hormuz	The pact is signed Lebanon did not sign back
2026-06-18	lebanon-the-buried-ledger	geopolitics	inference	lebanon,middle-east-war,us-iran,grey-zone,maritime-security	Lebanon is the contradiction inside the US-Iran pact
2026-06-18	the-text-that-buys-time	geopolitics	inference	us-iran,strait-of-hormuz,middle-east-war,lebanon,maritime-security	The text that buys time US-Iran pact front-loads calm, back-loads the war
2026-06-17	the-deal-with-no-text	geopolitics	inference	us-iran,strait-of-hormuz,middle-east-war,lebanon,maritime-security	The deal is signed. The text is not public.
2026-06-16	lebanon-the-tripwire	geopolitics	forecast	lebanon,middle-east-war,us-iran,grey-zone,maritime-security	Lebanon, not Hormuz, is the framework’s tripwire
2026-06-15	beirut-the-clause-from-outside	geopolitics	inference	lebanon,middle-east-war,us-iran,strait-of-hormuz	Beirut Is the Clause That Can Break the Framework
2026-06-15	hormuz-signed-not-sailing	geopolitics	inference	strait-of-hormuz,us-iran,middle-east-war,lebanon,oil,shipping,maritime-security	Washington says Hormuz is signed. The water says wait.
2026-06-15	the-tournament-and-the-thermometer	culture	inference	world-cup,sport,mega-events,attention-economy	The tournament expanded. So did the weather story.
2026-06-14	open-to-all-not-yet-open	geopolitics	inference	strait-of-hormuz,us-iran,middle-east-war,lebanon,oil,shipping,maritime-security	Trump says Hormuz opens to all. The tankers are not there yet.
2026-06-14	world-cup-empty-seats	culture	inference	world-cup,sport,mega-events,us-immigration,attention-economy	The World Cup opened with a full broadcast and empty seats
2026-06-13	agreed-text-warning-shots	geopolitics	inference	strait-of-hormuz,us-iran,middle-east-war,oil,maritime-security	Agreed text, warning shots: the Hormuz deal is 14 points long and unsigned
2026-06-13	inspection-warfare	geopolitics	inference	maritime-security,unclos,grey-zone,south-china-sea,us-iran	Four navies, one tactic: law enforcement as coercion at sea
2026-06-13	lebanon-not-in-text	geopolitics	inference	lebanon,middle-east-war,us-iran	The deal has a hole shaped like Lebanon
2026-06-13	world-cup-access-paradox	geopolitics	inference	world-cup,sport,mega-events,us-immigration	The World Cup built a fortress. Now it has to fill it.
